Email,Nama,Jenis Kelamin,Tanggal Lahir ,Tempat Lahir,No telpon,KTP Number
gilang@email.com,Gilang Indra Putra,M,19841103,Jakarta,87877052159,3174010311840000
social9lives@gmail.com,9lives social,M,19830925,Jakarta,817612813,3174010311840010
davidlim@example.com,Lim Yu 1,M,19830926,Jakarta,817612814,3174010311840020
davidlim21@example.com,Lim Yu 2,M,19830927,Jakarta,817612815,3174010311840030
9lives.me9@gmail.com,ME9 9LIVES,F,20000101,Jakarta,82156893214,3174010311840040
jadeinhk@gmail.com,Jade Song,F,19820219,Jakarta,82145766655,3174010311840050
fauzi.assegaff.dev@gmail.com,Fauzi Dev,M,19840716,Surabaya,852322145523,3174010311840060
fauzi.assegaff@gmail.com,Fauzi Assegaff,M,19840716,Tuban,81381368288,3174010311840070
aswata.chatbot@gmail.com,Aswata Chatbot,M,19910728,Depok,8567040630,3174010311840080
keywon.kim@9lives.me,Keywon KIM,M,19830927,Jakarta,852322145524,3174010311840090
jaihunkim0630@gmail.com,Lim Yu 6,M,19830927,Jakarta,852322145525,3174010311840100
wswastika@gmail.com,Wayan Swastika Yasa,M,19780209,Jakarta,8174732599,3174010311840110
orubai@gmail.com,Michael H. Lee,M,19830927,Jakarta,8174732600,3174010311840120
jadeinrain@gmail.com,Jade SONG,M,19830927,Jakarta,8174732601,3174010311840130
keyinid@gmail.com,Keywon KIM,M,19830927,Jakarta,8174732602,3174010311840140
akira.hiroyuki.bong@gmail.com,Gilang Putra,M,19830927,Jakarta,8174732603,3174010311840150
davidlim6@gmail.com,Lim Dav,M,20010101,Semarrang,78900002,3174010311840160
gilang.indra.putra@gmail.com,Gilang Indra Putra,M,19841103,Jakarta,87877052159,3174010311840170
bertaelvionitafitriani@gmail.com,Berta Elvionita Fitriani,M,19830927,Jakarta,87877052150,3174010311840180
imamsaputra.bambang.bambang@gmail.com,Bambang imam saputra,M,19660815,Jkrta,8525882266,3174010311840190
dav7galaxi@gmail.com,Dav Galseve,M,19861115,Gtuuh,12856755,3174010311840200
davidlim2@example.com,Lim Yu 2,M,19830927,Jakarta,12856756,3174010311840210
davidlim@gmail.com,Lim Yu 1,M,19830927,Jakarta,12856757,3174010311840220
davidlim3@gmail.com,Lim Yu 3,M,19830927,Jakarta,12856758,3174010311840230
davidlim4@example.com,Lim Yu 4,M,19830927,Jakarta,12856759,3174010311840240
davidlim28@example.com,Lim Yu 2,M,19830927,Jakarta,12856760,3174010311840250
davidlim7@gmail.com,Lim Yu 7,M,19830927,Jakarta,12856761,3174010311840260
davidlim29@example.com,Lim Yu 2,M,19830927,Jakarta,12856762,3174010311840270
davidlim201@example.com,Lim Yu 2,M,19830927,Jakarta,12856763,3174010311840280
davidlim7@example.com,Lim Yu 7,M,19830927,Jakarta,12856764,3174010311840290
davidlim26@example.com,Davasa,F,20010101,Semarrang,78900002,3174010311840300
davidlim10@example.com,Lim Dav Yong,M,20010101,Surabaya,78900003,3174010311840310
davidlim22@example.com,Dia fasx ,F,20010101,Semarrang,78900002,3174010311840320
davidlim23@example.com,Lim Yu 2,M,19830927,Jakarta,78900001,3174010311840330
davidlim24@example.com,Lim Yu 2,M,19830927,Jakarta,78900000,3174010311840340
davidlim31@example.com,Dav vo1,F,20010101,Semarrang,78899999,3174010311840350
davidlim27@example.com,Dav vo2,F,20010101,Semarrang,78899998,3174010311840360
davidlim32@example.com,Dav vo3,F,20010101,Semarrang,78899997,3174010311840370
davidlim33@example.com,Dav vo4,F,20010101,Semarrang,78899996,3174010311840380
davidlim9@example.com,Dav vo5,F,20010101,Semarrang,78899995,3174010311840390
davidlim34@example.com,Dav vo6,F,20010101,Semarrang,78899994,3174010311840400
davidlim25@example.com,Dav vo7,F,20010101,Semarrang,78899993,3174010311840410
davidlim56@example.com,Dav vo8,F,20010101,Semarrang,78899992,3174010311840420
davidlim51@example.com,Dav vo9,F,20010101,Semarrang,78899991,3174010311840430
davidlim60@example.com,Dav vo10,F,20010101,Semarrang,78899990,3174010311840440
davidlim52@example.com,Dav vo11,F,20010101,Semarrang,78899989,3174010311840450
davidlim57@example.com,Dav vo12,F,20010101,Semarrang,78899988,3174010311840460
davidlim53@example.com,Dav vo13,F,20010101,Semarrang,78899987,3174010311840470
davidlim54@example.com,Dav vo14,F,20010101,Semarrang,78899986,3174010311840480
davidlim55@example.com,Dav vo15,F,20010101,Semarrang,78899985,3174010311840490
davidlim301@example.com,Dav vo16,F,20010101,Semarrang,78899984,3174010311840500
davidlim58@example.com,Dav vo17,F,20010101,Semarrang,78899983,3174010311840510
davidlim59@example.com,Dav vo18,F,20010101,Semarrang,78899982,3174010311840520
davidlim303@example.com,Dav vo19,F,20010101,Semarrang,78899981,3174010311840530
davidlim302@example.com,Dav vo20,F,20010101,Semarrang,78899980,3174010311840540
davidlim304@example.com,Dav vo21,F,20010101,Semarrang,78899979,3174010311840550
davidlim305@example.com,Dav vo22,F,20010101,Semarrang,78899978,3174010311840560
davidlim306@example.com,Dav vo23,F,20010101,Semarrang,78899977,3174010311840570
davidlim307@example.com,Dav vo24,F,20010101,Semarrang,78899976,3174010311840580
davidlim308@example.com,Dav vo25,F,20010101,Semarrang,78899975,3174010311840590
davidlim309@example.com,Dav vo26,F,20010101,Semarrang,78899974,3174010311840600
davidlim310@example.com,Dav vo27,F,20010101,Semarrang,78899973,3174010311840610
davidlim311@example.com,Dav vo28,F,20010101,Semarrang,78899972,3174010311840620
davidlim312@example.com,Dav vo29,F,20010101,Semarrang,78899971,3174010311840630
davidlim313@example.com,Dav vo30,F,20010101,Semarrang,78899970,3174010311840640
davidlim314@example.com,Dav vo31,F,20010101,Semarrang,78899969,3174010311840650
davidlim315@example.com,Dav vo32,F,20010101,Semarrang,78899968,3174010311840660
davidlim316@example.com,Dav vo33,F,20010101,Semarrang,78899967,3174010311840670
davidlim317@example.com,Dav vo34,F,20010101,Semarrang,78899966,3174010311840680
davidlim318@example.com,Dav vo35,F,20010101,Semarrang,78899965,3174010311840690
davidlim5@example.com,Dav vo36,F,19910101,purbalingga,78899964,3174010311840700
davidlim320@example.com,Dav vo37,F,20010101,Semarrang,78899963,3174010311840710
davidlim331@example.com,Dav vo38,F,20010101,Semarrang,78899962,3174010311840720
davidlim402@example.com,Dav vo39,F,20010101,Semarrang,78899961,3174010311840730
davidlim401@example.com,Dav vo40,F,19820103,Semarrang,78899960,3174010311840740
davidlim601@example.com,Dav vo41,F,19990101,Semarrang,78899959,3174010311840750
davidlim701@example.com,Lim Yu 71,M,19830927,Jakarta,78899958,3174010311840760
davidlim702@example.com,Lim Yu 72,M,19830927,Jakarta,78899957,3174010311840770
davidlim501@example.com,Lim Yu 73,M,20010101,Surabaya,78899956,3174010311840780
davidlim6@example.com,Lim Yu 74,M,20010101,Semarrang,78899955,3174010311840790
